geonames,pays,region,commune,latitude,longitude,object_id,object_value,object_type_label,type_personnage,annee_naissance,annee_mort
"3037656",France,Pays de la Loire,ANGERS,47.4716,-0.55202,"18416","Angers, BM, 39 (Ex-libris de Saint-Aubin d'Angers, XIIIe s.)",provenance,NULL,NULL,NULL
"2862926",Allemagne,Niedersachsen (Basse-Saxe),Lower Saxony,52.8333,9.16667,"7138",Bibliothèque de l'abbaye de Gandersheim,collection,NULL,NULL,NULL
"3017382",France,,Republic of France,46,2,"18421","Paris, BnF, lat. 260, f. 107 (Neumes aquitains, Xe s.)",provenance,NULL,NULL,NULL
"3007477",France,Picardie,LAON,49.5631,3.62714,"7273",Bibliothèque de la cathédrale Notre-Dame de Laon,collection,NULL,NULL,NULL
"3017382",France,,Republic of France,46,2,"1279","Igny, Notre-Dame, abbaye O.Cist. (H)",personne,morale,"1128",NULL
"2974580",France,Champagne-Ardenne,Signy-l'Abbaye,49.6983,4.4211,"1376",Abbaye Notre-Dame de Signy,personne,morale,"1135","1793"
"2974580",France,Champagne-Ardenne,Signy-l'Abbaye,49.6983,4.4211,"7180",Bibliothèque de l'abbaye de Signy,collection,NULL,NULL,NULL
"6449513",France,Champagne-Ardenne,Arcis-le-Ponsart,49.235,3.69361,"18456","New Haven, Yale Univ. Lib., Beinecke Marston 45, f. 49v-50r (ex-libris de la main du copiste, XIIe s.)",provenance,NULL,NULL,NULL
"3017382",France,,Republic of France,46,2,"8143",Collection de la famille Quarré d'Aligny,collection,NULL,NULL,NULL
"3025252",France,Centre,Chezal-Benoît,46.8245,2.11312,"1397",Prostat (Pierre),personne,physique,NULL,"1552"
"3025252",France,Centre,Chezal-Benoît,46.8245,2.11312,"18470","Bourges, BM, 25, f. 7 (Mention de l'abbaye de Chezal-Benoît)",provenance,NULL,NULL,NULL
"3025252",France,Centre,Chezal-Benoît,46.8245,2.11312,"18471","Bourges, BM, 25, f. 139v (Mention de l'abbaye de Chezal-Benoît)",provenance,NULL,NULL,NULL
"3025268",France,Centre,Chevry-sous-le-Bignon,48.1409,2.89832,"7226",Bibliothèque de l'abbaye Saint-Pierre de Chezal-Benoît,collection,NULL,NULL,NULL
"3021372",France,Bourgogne,Dijon,47.3167,5.01667,"18634","Dijon, Saint-Bénigne, inventaire du 12e siècle",source,NULL,NULL,NULL
"3017382",France,,Republic of France,46,2,"573",Guiard des Moulins : Bible historiale (v.1280-v.1300),oeuvre,NULL,NULL,NULL
"2988507",France,Île-de-France,Paris,48.8534,2.3488,"10886","Paris, Bibliothèque nationale de France, Manuscrits, lat. 12711",livre,NULL,NULL,NULL
"2988507",France,Île-de-France,Paris,48.8534,2.3488,"10891","Sankt-Peterburg, Rossijskaâ Nacional'naâ Biblioteka, lat. f° p. I. 0001",livre,NULL,NULL,NULL
"2988507",France,Île-de-France,Paris,48.8534,2.3488,"10865","Sankt-Peterburg, Rossijskaâ Nacional'naâ Biblioteka, lat. 4° v. I. 0036",livre,NULL,NULL,NULL
"6449513",France,Grand Est,Arcis-le-Ponsart,49.235,3.69361,"1279","Igny, Notre-Dame, abbaye O.Cist. (H)",personne,morale,"1128",NULL
"6449513",France,Grand Est,Arcis-le-Ponsart,49.235,3.69361,"7126",Bibliothèque de l'abbaye d'Igny,collection,NULL,NULL,NULL
"2974389",France,Picardie,SOISSONS,49.3817,3.32361,"11212","Soissons, Bibliothèque municipale, 0027 (029)",livre,NULL,NULL,NULL
"2974389",France,Picardie,SOISSONS,49.3817,3.32361,"11213","Soissons, Bibliothèque municipale, 0028 (029)",livre,NULL,NULL,NULL
"2974389",France,Picardie,SOISSONS,49.3817,3.32361,"11214","Soissons, Bibliothèque municipale, 0029 (029)",livre,NULL,NULL,NULL
"2974389",France,Picardie,SOISSONS,49.3817,3.32361,"11223","Soissons, Bibliothèque municipale, 0214 (201)",livre,NULL,NULL,NULL
"2974389",France,Picardie,SOISSONS,49.3817,3.32361,"18857","Soissons, BM, 74 (66) (Ex-libris de Saint-Jean-des-Vignes de Soissons, 14e siècle)",provenance,NULL,NULL,NULL
"3037189",France,Grand Est,Arcis-le-Ponsart,49.235,3.69361,"1667",Bartholomeus monachus Igniacensis,personne,physique,NULL,NULL
"3037189",France,Grand Est,Arcis-le-Ponsart,49.235,3.69361,"18752","Namur, Mus. archéo., Ville 163, f. 46v et 83v (Mention du nom du copiste Bartholomeus, moine d'Igny, 1469)",provenance,NULL,NULL,NULL
"2992166",France,Languedoc-Roussillon,MONTPELLIER,43.6109,3.87635,"18860","Montpellier, BM, 7, f. de g. (Ex-libris des Capucins de Montpellier)",provenance,NULL,NULL,NULL
"2992166",France,Languedoc-Roussillon,MONTPELLIER,43.6109,3.87635,"18861","Devise de François Ranchin, 16e-17e s. (Paris, BnF,  fr. 9081)",provenance,NULL,NULL,NULL
"295721",Israël et Palestine,Indéterminée,Acre,32.9281,35.0765,"1672",Saint-Jean d'Acre,personne,morale,NULL,NULL
"2988507",France,Île-de-France,Paris,48.8534,2.3488,"24074","Paris, BnF, lat. 16698 (Ex-libris du Collège de Dormans-Beauvais)",provenance,NULL,NULL,NULL
"2988507",France,Île-de-France,Paris,48.8534,2.3488,"11276","Saint-Germain-des-Près, abbaye, ms. disparu (Chronicon Mosomense utilisé par dom d'Achery pour son édition dans le Spicilegium)",livre,NULL,NULL,NULL
"3017382",France,,Republic of France,46,2,"8104",Collection de Joseph-Félix Allard,collection,NULL,NULL,NULL
"2984114",France,Champagne-Ardenne,REIMS,49.2653,4.02853,"18966","Reims, BM, 56, f. 203v (Note de Gilles d'Aspremont, 1412)",provenance,NULL,NULL,NULL
"2984114",France,Champagne-Ardenne,REIMS,49.2653,4.02853,"18967","Reims, BM, 74, f. B (Note de Gilles d'Aspremont, 1412)",provenance,NULL,NULL,NULL
"2984114",France,Champagne-Ardenne,REIMS,49.2653,4.02853,"18968","Reims, BM, 77, f. B (Note de Gilles d'Aspremont, 15e siècle)",provenance,NULL,NULL,NULL
"6691831",VATICAN,Città del Vaticano,Vatican City,41.9027,12.4541,"1715","De Gaulle, Charles (1890-1970)",personne,physique,"1890","1970"
"6691831",VATICAN,Città del Vaticano,Vatican City,41.9027,12.4541,"1716","Jean XXIII, pape (Angelo Giuseppe Roncalli, 1881-1963)",personne,physique,"1881","1963"
"6691831",VATICAN,Città del Vaticano,Vatican City,41.9027,12.4541,"7077",Biblioteca Apostolica Vaticana,collection,NULL,NULL,NULL
"2988507",France,Île-de-France,Paris,48.8534,2.3488,"1715","De Gaulle, Charles (1890-1970)",personne,physique,"1890","1970"
"3181928",Italie,Emilia-Romagna (Émilie-Romagne),Bologna (Bologne),44.4938,11.3387,"1717","Bologna, Biblioteca comunale dell'Archiginnasio",personne,morale,NULL,NULL
"3181928",Italie,Emilia-Romagna (Émilie-Romagne),Bologna (Bologne),44.4938,11.3387,"7074",Biblioteca comunale dell'Archiginnasio de Bologna,collection,NULL,NULL,NULL
"2988507",France,Île-de-France,Paris,48.8534,2.3488,"1718",Daniel Ogerii,personne,physique,NULL,"1483"
"2984114",France,Champagne-Ardenne,REIMS,49.2653,4.02853,"18970","Reims, BM, 869 (Ancienne cote du chapitre de la cathédrale de Reims)",provenance,NULL,NULL,NULL
"2988507",France,Île-de-France,Paris,48.8534,2.3488,"1722",Iohannes de Commis (abbé de Saint-Germain-des-Prés),personne,physique,NULL,NULL
"2988507",France,Île-de-France,Paris,48.8534,2.3488,"1719",Adraldus,personne,physique,NULL,NULL
"2988507",France,Île-de-France,Paris,48.8534,2.3488,"1720","Briçonnet, Guillaume II (fin 14e-15e s.)",personne,physique,NULL,NULL
"2988507",France,Île-de-France,Paris,48.8534,2.3488,"1725","Druon, Pierre Paul (moine à Saint-Germain-des-Prés)",personne,physique,NULL,NULL
"2988507",France,Île-de-France,Paris,48.8534,2.3488,"1738",Odbertus de La Vacquerie (moine à Saint-Germain-des-Prés),personne,physique,NULL,NULL
"2988507",France,Île-de-France,Paris,48.8534,2.3488,"1736",Ludovicus Pierrier (moine à Saint-Germain-des-Prés),personne,physique,NULL,NULL
"2988507",France,Île-de-France,Paris,48.8534,2.3488,"1737",Ludovicus Le Moyne (moine à Saint-Germain-des-Prés),personne,physique,NULL,NULL
"2988507",France,Île-de-France,Paris,48.8534,2.3488,"1739","Hieronymus ('frater eremita', copiste, fl. 1460)",personne,physique,NULL,NULL
"2988507",France,Île-de-France,Paris,48.8534,2.3488,"18973","Oxford, Bodleian Library, Canon. Patr. lat. 176, f. 203 et 217 (Nom du copiste Hieronymus eremita, 15e siècle)",provenance,NULL,NULL,NULL
"3175395",Italie,,Italian Republic,42.8333,12.8333,"1740",Iohannes Franciscus de Busis,personne,physique,NULL,NULL
"3175395",Italie,,Italian Republic,42.8333,12.8333,"7926",Collection de Iohannes Franciscus de Busis,collection,NULL,NULL,NULL
"2984114",France,Champagne-Ardenne,REIMS,49.2653,4.02853,"18974","Reims, BM, 106, f. D (Note de Gilles d'Aspremont, 15e siècle)",provenance,NULL,NULL,NULL
"2984114",France,Champagne-Ardenne,REIMS,49.2653,4.02853,"1741",Leo decanus Remensis,personne,physique,NULL,NULL
"2984114",France,Champagne-Ardenne,REIMS,49.2653,4.02853,"18975","Reims, BM, 111, f. 225v (Note de Gilles d'Aspremont, 15e siècle)",provenance,NULL,NULL,NULL
"2984114",France,Champagne-Ardenne,REIMS,49.2653,4.02853,"1742",Guillaume Fillastre (1400?-1473),personne,physique,NULL,NULL
"2984114",France,Champagne-Ardenne,REIMS,49.2653,4.02853,"18976","Reims, BM, 121, f. B (Note de Gilles d'Aspremont, 15e siècle)",provenance,NULL,NULL,NULL
"2984114",France,Champagne-Ardenne,REIMS,49.2653,4.02853,"18977","Reims, BM, 129, f. 156v (Note de Gilles d'Aspremont, 15e siècle)",provenance,NULL,NULL,NULL
"2984114",France,Champagne-Ardenne,REIMS,49.2653,4.02853,"1744","Adam (chanoine Reims, cathédrale ; avant 1412)",personne,physique,NULL,NULL
"2984114",France,Champagne-Ardenne,REIMS,49.2653,4.02853,"18978","Reims, BM, 168, f. B (Note de Gilles d'Aspremont, 1412)",provenance,NULL,NULL,NULL
"2984114",France,Champagne-Ardenne,REIMS,49.2653,4.02853,"18979","Reims, BM, 183, f. 1 (Ancienne cote du chapitre de la cathédrale de Reims)",provenance,NULL,NULL,NULL
"2984114",France,Champagne-Ardenne,REIMS,49.2653,4.02853,"18980","Reims, BM, 183, f. 134 (Note de Gilles d'Aspremont, 15e siècle)",provenance,NULL,NULL,NULL
"2984114",France,Champagne-Ardenne,REIMS,49.2653,4.02853,"11391","Reims, Bibliothèque municipale, 0185 (B. 060)",livre,NULL,NULL,NULL
"2984114",France,Champagne-Ardenne,REIMS,49.2653,4.02853,"11390","Reims, Bibliothèque municipale, 0186 (B. 054)",livre,NULL,NULL,NULL
"2984114",France,Champagne-Ardenne,REIMS,49.2653,4.02853,"11389","Reims, Bibliothèque municipale, 0187 (B. 075)",livre,NULL,NULL,NULL
"2984114",France,Champagne-Ardenne,REIMS,49.2653,4.02853,"11388","Reims, Bibliothèque municipale, 0188 (B. 089)",livre,NULL,NULL,NULL
"2984114",France,Champagne-Ardenne,REIMS,49.2653,4.02853,"18981","Reims, BM, 186, f. 346 (Note de Gilles d'Aspremont, 15e siècle)",provenance,NULL,NULL,NULL
"2984114",France,Champagne-Ardenne,REIMS,49.2653,4.02853,"11392","Reims, Bibliothèque municipale, 0102 (E. 300)",livre,NULL,NULL,NULL
